{
  "project_info": {
    "project_number": "579922412958",
    "project_id": "supermaketapp-9fd16",
    "storage_bucket": "supermaketapp-9fd16.appspot.com"
  },
  "client": [
    {
      "client_info": {
        "mobilesdk_app_id": "1:579922412958:android:c5cb9efa4c53587c35428f",
        "android_client_info": {
          "package_name": "com.unipi.xdimtsasp17027.supermaketapp"
        }
      },
      "oauth_client": [
        {
          "client_id": "579922412958-5hkkp1ladmh9ccbu05sjtragcgkovb38.apps.googleusercontent.com",
          "client_type": 3
        }
      ],
      "api_key": [
        {
          "current_key": "AIzaSyB-i02bgbfhUzYkBoLYA1vn0FqtAjCH_qM"
        }
      ],
      "services": {
        "appinvite_service": {
          "other_platform_oauth_client": [
            {
              "client_id": "579922412958-5hkkp1ladmh9ccbu05sjtragcgkovb38.apps.googleusercontent.com",
              "client_type": 3
            }
          ]
        }
      }
    }
  ],
  "configuration_version": "1"
}